{"cameraMode":{"drawMode":0,"name":"Shaded","section":"Shading Mode"},"sceneLighting":true,"audioPlay":false,"sceneViewState":{"showFog":true,"showMaterialUpdate":false,"showSkybox":true,"showFlares":true,"showImageEffects":true,"showParticleSystems":true},"in2DMode":false,"pivot":{"x":35.97214889526367,"y":-12.073799133300782,"z":41.178184509277347},"rotation":{"x":-0.5691869258880615,"y":0.031541720032691959,"z":-0.021900173276662828,"w":-0.8213617205619812},"size":127.1328125,"orthographic":false}