{"cameraMode":{"drawMode":0,"name":"Shaded","section":"Shading Mode"},"sceneLighting":false,"audioPlay":false,"sceneViewState":{"showFog":true,"showMaterialUpdate":false,"showSkybox":false,"showFlares":true,"showImageEffects":true,"showParticleSystems":true},"in2DMode":false,"pivot":{"x":-4.45829439163208,"y":96.85752868652344,"z":42.49147033691406},"rotation":{"x":0.4059455692768097,"y":0.13568741083145142,"z":-0.06113041937351227,"w":0.9017693996429443},"size":14.289420127868653,"orthographic":false}