{"cameraMode":{"drawMode":0,"name":"Shaded","section":"Shading Mode"},"sceneLighting":false,"audioPlay":false,"sceneViewState":{"showFog":true,"showMaterialUpdate":false,"showSkybox":false,"showFlares":true,"showImageEffects":true,"showParticleSystems":true},"in2DMode":false,"pivot":{"x":6.343134880065918,"y":7.410547256469727,"z":-4.905607223510742},"rotation":{"x":0.24908997118473054,"y":0.25327175855636599,"z":-0.06745652854442597,"w":0.9324118494987488},"size":20.20829200744629,"orthographic":false}