{"cameraMode":{"drawMode":0,"name":"Shaded","section":"Shading Mode"},"sceneLighting":true,"audioPlay":false,"sceneViewState":{"showFog":true,"showMaterialUpdate":false,"showSkybox":true,"showFlares":true,"showImageEffects":true,"showParticleSystems":true},"in2DMode":false,"pivot":{"x":34.569576263427737,"y":75.79652404785156,"z":-28.227741241455079},"rotation":{"x":0.41190800070762637,"y":-0.10351530462503433,"z":0.04716451093554497,"w":0.9041032791137695},"size":17.721960067749025,"orthographic":false}