{"cameraMode":{"drawMode":0,"name":"Shaded","section":"Shading Mode"},"sceneLighting":false,"audioPlay":false,"sceneViewState":{"showFog":true,"showMaterialUpdate":false,"showSkybox":false,"showFlares":true,"showImageEffects":true,"showParticleSystems":true},"in2DMode":false,"pivot":{"x":6.90693473815918,"y":-4.380817413330078,"z":-3.4114902019500734},"rotation":{"x":0.15469570457935334,"y":0.5203759074211121,"z":-0.09643147140741348,"w":0.834288477897644},"size":25.72096061706543,"orthographic":false}