{"cameraMode":{"drawMode":0,"name":"Shaded","section":"Shading Mode"},"sceneLighting":true,"audioPlay":false,"sceneViewState":{"showFog":true,"showMaterialUpdate":false,"showSkybox":true,"showFlares":true,"showImageEffects":true,"showParticleSystems":true},"in2DMode":false,"pivot":{"x":0.09018031507730484,"y":-2.1201632022857668,"z":0.9241564869880676},"rotation":{"x":-0.5974757075309753,"y":0.05807899311184883,"z":-0.04345240071415901,"w":-0.7986148595809937},"size":10.0,"orthographic":false}